Date,Mood
2025-03-11,Angry ğŸ˜¡
2025-03-11,Neutral ğŸ˜
2025-03-11,Anxious ğŸ˜°
2025-03-11,Anxious ğŸ˜°
2025-03-11,Happy ğŸ˜Š
2025-03-11,Happy ğŸ˜Š
2025-03-11,Happy ğŸ˜Š
2025-03-11,Happy ğŸ˜Š
2025-03-11,Happy ğŸ˜Š
2025-03-11,Happy ğŸ˜Š
2025-03-11,Happy ğŸ˜Š
2025-03-11,Happy ğŸ˜Š
2025-03-12,Happy ğŸ˜Š
2025-03-13,Happy ğŸ˜Š
2025-03-14,Happy ğŸ˜Š
2025-03-15,Happy ğŸ˜Š
2025-03-16,Happy ğŸ˜Š
2025-03-17,Happy ğŸ˜Š
2025-03-18,Happy ğŸ˜Š
2025-03-19,Happy ğŸ˜Š
2025-03-20,Happy ğŸ˜Š
2025-03-21,Happy ğŸ˜Š
2025-03-22,Sad ğŸ˜¢
2025-03-23,Sad ğŸ˜¢
2025-03-24,Sad ğŸ˜¢
2025-03-25,Sad ğŸ˜¢
2025-03-26,Sad ğŸ˜¢
2025-03-27,Sad ğŸ˜¢
2025-03-28,Sad ğŸ˜¢
2025-03-29,Sad ğŸ˜¢
2025-03-30,Sad ğŸ˜¢
2025-03-31,Sad ğŸ˜¢
2025-04-01,Excited ğŸ¤©
2025-04-02,Excited ğŸ¤©
2025-04-03,Excited ğŸ¤©
2025-04-04,Excited ğŸ¤©
2025-04-05,Excited ğŸ¤©
2025-04-06,Excited ğŸ¤©
2025-04-07,Grateful ğŸ™
2025-04-08,Grateful ğŸ™
2025-04-09,Grateful ğŸ™
2025-04-10,Grateful ğŸ™
2025-04-11,Grateful ğŸ™
2025-04-12,Grateful ğŸ™
2025-04-13,Grateful ğŸ™
2025-04-14,Grateful ğŸ™
2025-04-15,Grateful ğŸ™
2025-04-16,Grateful ğŸ™
2025-04-17,Anxious ğŸ˜°
2025-04-18,Anxious ğŸ˜°
2025-04-19,Anxious ğŸ˜°
2025-04-20,Anxious ğŸ˜°
2025-04-21,Grateful ğŸ™
2025-04-22,Grateful ğŸ™
2025-04-23,Grateful ğŸ™
2025-04-24,Grateful ğŸ™
2025-04-25,Happy ğŸ˜Š
2025-04-26,Happy ğŸ˜Š
2025-04-27,Happy ğŸ˜Š
2025-04-28,Happy ğŸ˜Š
2025-04-29,Happy ğŸ˜Š
2025-04-30,Happy ğŸ˜Š
2025-05-01,Happy ğŸ˜Š
2025-03-11,Happy


